-- phpMyAdmin SQL Dump
-- version 4.8.5
-- https://www.phpmyadmin.net/
--
-- Počítač: 127.0.0.1
-- Vytvořeno: Úte 07. kvě 2019, 18:28
-- Verze serveru: 10.1.38-MariaDB
-- Verze PHP: 5.6.40

SET SQL_MODE = "NO_AUTO_VALUE_ON_ZERO";
SET AUTOCOMMIT = 0;
START TRANSACTION;
SET time_zone = "+00:00";


/*!40101 SET @OLD_CHARACTER_SET_CLIENT=@@CHARACTER_SET_CLIENT */;
/*!40101 SET @OLD_CHARACTER_SET_RESULTS=@@CHARACTER_SET_RESULTS */;
/*!40101 SET @OLD_COLLATION_CONNECTION=@@COLLATION_CONNECTION */;
/*!40101 SET NAMES utf8mb4 */;

--
-- Databáze: `veterani`
--

-- --------------------------------------------------------

--
-- Struktura tabulky `article`
--

CREATE TABLE `article` (
  `id` int(11) NOT NULL,
  `title` varchar(255) COLLATE utf8_unicode_ci NOT NULL,
  `text` longtext COLLATE utf8_unicode_ci NOT NULL,
  `slug` varchar(150) COLLATE utf8_unicode_ci NOT NULL,
  `date` varchar(255) COLLATE utf8_unicode_ci NOT NULL
) ENGINE=InnoDB DEFAULT CHARSET=utf8 COLLATE=utf8_unicode_ci;

-- --------------------------------------------------------

--
-- Struktura tabulky `article_category`
--

CREATE TABLE `article_category` (
  `article_id` int(11) NOT NULL,
  `category_id` int(11) NOT NULL
) ENGINE=InnoDB DEFAULT CHARSET=utf8 COLLATE=utf8_unicode_ci;

-- --------------------------------------------------------

--
-- Struktura tabulky `balik_zavodu`
--

CREATE TABLE `balik_zavodu` (
  `id` int(11) NOT NULL,
  `balikname` varchar(150) COLLATE utf8_unicode_ci NOT NULL
) ENGINE=InnoDB DEFAULT CHARSET=utf8 COLLATE=utf8_unicode_ci;

--
-- Vypisuji data pro tabulku `balik_zavodu`
--

INSERT INTO `balik_zavodu` (`id`, `balikname`) VALUES
(1, 'zavod');

-- --------------------------------------------------------

--
-- Struktura tabulky `body`
--

CREATE TABLE `body` (
  `id` int(11) NOT NULL,
  `etapa_id` int(11) DEFAULT NULL,
  `zavod_id` int(11) DEFAULT NULL,
  `zavodnik_id` int(11) DEFAULT NULL,
  `body` int(11) NOT NULL
) ENGINE=InnoDB DEFAULT CHARSET=utf8 COLLATE=utf8_unicode_ci;

--
-- Vypisuji data pro tabulku `body`
--

INSERT INTO `body` (`id`, `etapa_id`, `zavod_id`, `zavodnik_id`, `body`) VALUES
(1, 1, 1, 1, 15000),
(2, 1, 1, 2, 15000),
(3, 1, 1, 3, 15000),
(4, 1, 1, 4, 15000),
(5, 1, 1, 5, 15000),
(6, 1, 1, 6, 15000),
(7, 1, 1, 7, 15000),
(8, 1, 1, 8, 15000),
(9, 1, 1, 9, 15000),
(10, 1, 1, 10, 15000),
(11, 1, 1, 11, 15000),
(12, 1, 1, 12, 15000),
(13, 1, 1, 13, 15000),
(14, 1, 1, 14, 15000),
(15, 1, 1, 15, 15000),
(16, 1, 1, 16, 15000),
(17, 1, 1, 17, 15000),
(18, 1, 1, 18, 15000),
(19, 1, 1, 19, 15000),
(20, 1, 1, 20, 15000),
(21, 1, 1, 21, 15000),
(22, 1, 1, 22, 15000),
(23, 1, 1, 23, 15000),
(24, 1, 1, 24, 15000),
(25, 1, 1, 25, 15000),
(26, 1, 1, 26, 15000),
(27, 1, 1, 27, 15000),
(28, 1, 1, 28, 15000),
(29, 1, 1, 29, 15000),
(30, 1, 1, 30, 15000),
(31, 1, 1, 31, 15000),
(32, 1, 1, 32, 15000),
(33, 1, 1, 33, 15000),
(34, 1, 1, 34, 15000),
(35, 1, 1, 35, 15000),
(36, 1, 1, 36, 15000),
(37, 1, 1, 37, 15000),
(38, 1, 1, 38, 15000),
(39, 1, 1, 39, 15000),
(40, 1, 1, 40, 15000),
(41, 1, 1, 41, 15000),
(42, 1, 1, 42, 15000),
(43, 1, 1, 43, 15000),
(44, 1, 1, 44, 15000),
(45, 1, 1, 45, 15000),
(46, 1, 1, 46, 15000),
(47, 1, 1, 47, 15000),
(48, 1, 1, 48, 15000),
(49, 1, 1, 49, 15000),
(50, 1, 1, 50, 15000),
(51, 1, 1, 51, 15000),
(52, 1, 1, 52, 15000),
(53, 1, 1, 53, 15000),
(54, 1, 1, 54, 15000),
(55, 1, 1, 55, 15000),
(56, 1, 1, 56, 15000),
(57, 1, 1, 57, 15000),
(58, 1, 1, 58, 15000),
(59, 1, 1, 59, 15000),
(60, 1, 1, 60, 15000),
(61, 1, 1, 61, 15000),
(62, 1, 1, 62, 15000),
(63, 1, 1, 63, 15000),
(64, 1, 1, 64, 15000),
(65, 1, 1, 65, 15000),
(66, 1, 1, 66, 15000),
(67, 1, 1, 67, 15000),
(68, 1, 1, 68, 15000),
(69, 1, 1, 69, 15000),
(70, 1, 1, 70, 15000),
(71, 1, 1, 71, 15000),
(72, 1, 1, 72, 15000),
(73, 1, 1, 73, 15000),
(74, 1, 1, 74, 15000),
(75, 1, 1, 75, 15000),
(76, 1, 1, 76, 15000),
(77, 1, 1, 77, 15000),
(78, 1, 1, 78, 15000),
(79, 1, 1, 79, 15000),
(80, 1, 1, 80, 15000),
(81, 1, 1, 81, 15000),
(82, 1, 1, 82, 15000),
(83, 1, 1, 83, 15000),
(84, 1, 1, 84, 15000),
(85, 1, 1, 85, 15000),
(86, 1, 1, 86, 15000),
(87, 1, 1, 87, 15000),
(88, 5, 1, 1, 15000),
(89, 5, 1, 2, 15000),
(90, 5, 1, 3, 15000),
(91, 5, 1, 4, 15000),
(92, 5, 1, 5, 15000),
(93, 5, 1, 6, 15000),
(94, 5, 1, 7, 15000),
(95, 5, 1, 8, 15000),
(96, 5, 1, 9, 15000),
(97, 5, 1, 10, 15000),
(98, 5, 1, 11, 15000),
(99, 5, 1, 12, 15000),
(100, 5, 1, 13, 15000),
(101, 5, 1, 14, 15000),
(102, 5, 1, 15, 15000),
(103, 5, 1, 16, 15000),
(104, 5, 1, 17, 15000),
(105, 5, 1, 18, 15000),
(106, 5, 1, 19, 15000),
(107, 5, 1, 20, 15000),
(108, 5, 1, 21, 15000),
(109, 5, 1, 22, 15000),
(110, 5, 1, 23, 15000),
(111, 5, 1, 24, 15000),
(112, 5, 1, 25, 15000),
(113, 5, 1, 26, 15000),
(114, 5, 1, 27, 15000),
(115, 5, 1, 28, 15000),
(116, 5, 1, 29, 15000),
(117, 5, 1, 30, 15000),
(118, 5, 1, 31, 15000),
(119, 5, 1, 32, 15000),
(120, 5, 1, 33, 15000),
(121, 5, 1, 34, 15000),
(122, 5, 1, 35, 15000),
(123, 5, 1, 36, 15000),
(124, 5, 1, 37, 15000),
(125, 5, 1, 38, 15000),
(126, 5, 1, 39, 15000),
(127, 5, 1, 40, 15000),
(128, 5, 1, 41, 15000),
(129, 5, 1, 42, 15000),
(130, 5, 1, 43, 15000),
(131, 5, 1, 44, 15000),
(132, 5, 1, 45, 15000),
(133, 5, 1, 46, 15000),
(134, 5, 1, 47, 15000),
(135, 5, 1, 48, 15000),
(136, 5, 1, 49, 15000),
(137, 5, 1, 50, 15000),
(138, 5, 1, 51, 15000),
(139, 5, 1, 52, 15000),
(140, 5, 1, 53, 15000),
(141, 5, 1, 54, 15000),
(142, 5, 1, 55, 15000),
(143, 5, 1, 56, 15000),
(144, 5, 1, 57, 15000),
(145, 5, 1, 58, 15000),
(146, 5, 1, 59, 15000),
(147, 5, 1, 60, 15000),
(148, 5, 1, 61, 15000),
(149, 5, 1, 62, 15000),
(150, 5, 1, 63, 15000),
(151, 5, 1, 64, 15000),
(152, 5, 1, 65, 15000),
(153, 5, 1, 66, 15000),
(154, 5, 1, 67, 15000),
(155, 5, 1, 68, 15000),
(156, 5, 1, 69, 15000),
(157, 5, 1, 70, 15000),
(158, 5, 1, 71, 15000),
(159, 5, 1, 72, 15000),
(160, 5, 1, 73, 15000),
(161, 5, 1, 74, 15000),
(162, 5, 1, 75, 15000),
(163, 5, 1, 76, 15000),
(164, 5, 1, 77, 15000),
(165, 5, 1, 78, 15000),
(166, 5, 1, 79, 15000),
(167, 5, 1, 80, 15000),
(168, 5, 1, 81, 15000),
(169, 5, 1, 82, 15000),
(170, 5, 1, 83, 15000),
(171, 5, 1, 84, 15000),
(172, 5, 1, 85, 15000),
(173, 5, 1, 86, 15000),
(174, 5, 1, 87, 15000),
(175, 5, 1, 1, 15000),
(176, 5, 1, 2, 15000),
(177, 5, 1, 3, 15000),
(178, 5, 1, 4, 15000),
(179, 5, 1, 5, 15000),
(180, 5, 1, 6, 15000),
(181, 5, 1, 7, 15000),
(182, 5, 1, 8, 15000),
(183, 5, 1, 9, 15000),
(184, 5, 1, 10, 15000),
(185, 5, 1, 11, 15000),
(186, 5, 1, 12, 15000),
(187, 5, 1, 13, 15000),
(188, 5, 1, 14, 15000),
(189, 5, 1, 15, 15000),
(190, 5, 1, 16, 15000),
(191, 5, 1, 17, 15000),
(192, 5, 1, 18, 15000),
(193, 5, 1, 19, 15000),
(194, 5, 1, 20, 15000),
(195, 5, 1, 21, 15000),
(196, 5, 1, 22, 15000),
(197, 5, 1, 23, 15000),
(198, 5, 1, 24, 15000),
(199, 5, 1, 25, 15000),
(200, 5, 1, 26, 15000),
(201, 5, 1, 27, 15000),
(202, 5, 1, 28, 15000),
(203, 5, 1, 29, 15000),
(204, 5, 1, 30, 15000),
(205, 5, 1, 31, 15000),
(206, 5, 1, 32, 15000),
(207, 5, 1, 33, 15000),
(208, 5, 1, 34, 15000),
(209, 5, 1, 35, 15000),
(210, 5, 1, 36, 15000),
(211, 5, 1, 37, 15000),
(212, 5, 1, 38, 15000),
(213, 5, 1, 39, 15000),
(214, 5, 1, 40, 15000),
(215, 5, 1, 41, 15000),
(216, 5, 1, 42, 15000),
(217, 5, 1, 43, 15000),
(218, 5, 1, 44, 15000),
(219, 5, 1, 45, 15000),
(220, 5, 1, 46, 15000),
(221, 5, 1, 47, 15000),
(222, 5, 1, 48, 15000),
(223, 5, 1, 49, 15000),
(224, 5, 1, 50, 15000),
(225, 5, 1, 51, 15000),
(226, 5, 1, 52, 15000),
(227, 5, 1, 53, 15000),
(228, 5, 1, 54, 15000),
(229, 5, 1, 55, 15000),
(230, 5, 1, 56, 15000),
(231, 5, 1, 57, 15000),
(232, 5, 1, 58, 15000),
(233, 5, 1, 59, 15000),
(234, 5, 1, 60, 15000),
(235, 5, 1, 61, 15000),
(236, 5, 1, 62, 15000),
(237, 5, 1, 63, 15000),
(238, 5, 1, 64, 15000),
(239, 5, 1, 65, 15000),
(240, 5, 1, 66, 15000),
(241, 5, 1, 67, 15000),
(242, 5, 1, 68, 15000),
(243, 5, 1, 69, 15000),
(244, 5, 1, 70, 15000),
(245, 5, 1, 71, 15000),
(246, 5, 1, 72, 15000),
(247, 5, 1, 73, 15000),
(248, 5, 1, 74, 15000),
(249, 5, 1, 75, 15000),
(250, 5, 1, 76, 15000),
(251, 5, 1, 77, 15000),
(252, 5, 1, 78, 15000),
(253, 5, 1, 79, 15000),
(254, 5, 1, 80, 15000),
(255, 5, 1, 81, 15000),
(256, 5, 1, 82, 15000),
(257, 5, 1, 83, 15000),
(258, 5, 1, 84, 15000),
(259, 5, 1, 85, 15000),
(260, 5, 1, 86, 15000),
(261, 5, 1, 87, 15000),
(262, 6, 1, 1, 1000),
(263, 2, 1, 1, 156000),
(264, 3, 1, 1, 130800),
(265, 7, 1, 3, 15000),
(266, 7, 1, 4, 15000),
(267, 7, 1, 5, 15000),
(268, 7, 1, 6, 15000),
(269, 7, 1, 7, 15000),
(270, 7, 1, 8, 15000),
(271, 7, 1, 9, 15000),
(272, 7, 1, 10, 15000),
(273, 7, 1, 11, 15000),
(274, 7, 1, 12, 15000),
(275, 7, 1, 13, 15000),
(276, 7, 1, 14, 15000),
(277, 7, 1, 15, 15000),
(278, 7, 1, 16, 15000),
(279, 7, 1, 17, 15000),
(280, 7, 1, 18, 15000),
(281, 7, 1, 19, 15000),
(282, 7, 1, 20, 15000),
(283, 7, 1, 21, 15000),
(284, 7, 1, 23, 15000),
(285, 7, 1, 24, 15000),
(286, 7, 1, 25, 15000),
(287, 7, 1, 26, 15000),
(288, 7, 1, 27, 15000),
(289, 7, 1, 28, 15000),
(290, 7, 1, 29, 15000),
(291, 7, 1, 30, 15000),
(292, 7, 1, 31, 15000),
(293, 7, 1, 32, 15000),
(294, 7, 1, 33, 15000),
(295, 7, 1, 34, 15000),
(296, 7, 1, 35, 15000),
(297, 7, 1, 36, 15000),
(298, 7, 1, 37, 15000),
(299, 7, 1, 38, 15000),
(300, 7, 1, 39, 15000),
(301, 7, 1, 40, 15000),
(302, 7, 1, 41, 15000),
(303, 7, 1, 42, 15000),
(304, 7, 1, 43, 15000),
(305, 7, 1, 44, 15000),
(306, 7, 1, 45, 15000),
(307, 7, 1, 46, 15000),
(308, 7, 1, 47, 15000),
(309, 7, 1, 48, 15000),
(310, 7, 1, 49, 15000),
(311, 7, 1, 50, 15000),
(312, 7, 1, 51, 15000),
(313, 7, 1, 52, 15000),
(314, 7, 1, 53, 15000),
(315, 7, 1, 54, 15000),
(316, 7, 1, 55, 15000),
(317, 7, 1, 56, 15000),
(318, 7, 1, 57, 15000),
(319, 7, 1, 58, 15000),
(320, 7, 1, 59, 15000),
(321, 7, 1, 60, 15000),
(322, 7, 1, 61, 15000),
(323, 7, 1, 62, 15000),
(324, 7, 1, 63, 15000),
(325, 7, 1, 64, 15000),
(326, 7, 1, 65, 15000),
(327, 7, 1, 66, 15000),
(328, 7, 1, 67, 15000),
(329, 7, 1, 68, 15000),
(330, 7, 1, 69, 15000),
(331, 7, 1, 72, 15000),
(332, 7, 1, 73, 15000),
(333, 7, 1, 75, 15000),
(334, 7, 1, 76, 15000),
(335, 7, 1, 77, 15000),
(336, 7, 1, 78, 15000),
(337, 7, 1, 79, 15000),
(338, 7, 1, 80, 15000),
(339, 7, 1, 81, 15000),
(340, 7, 1, 82, 15000),
(341, 7, 1, 83, 15000),
(342, 7, 1, 84, 15000),
(343, 7, 1, 85, 15000),
(344, 7, 1, 86, 15000),
(345, 7, 1, 87, 15000);

-- --------------------------------------------------------

--
-- Struktura tabulky `cas`
--

CREATE TABLE `cas` (
  `id` int(11) NOT NULL,
  `etapa_id` int(11) DEFAULT NULL,
  `zavodnik_id` int(11) DEFAULT NULL,
  `zavod_id` int(11) DEFAULT NULL,
  `cas` datetime NOT NULL
) ENGINE=InnoDB DEFAULT CHARSET=utf8 COLLATE=utf8_unicode_ci;

--
-- Vypisuji data pro tabulku `cas`
--

INSERT INTO `cas` (`id`, `etapa_id`, `zavodnik_id`, `zavod_id`, `cas`) VALUES
(1, 1, 1, 1, '0000-00-00 00:00:00'),
(2, 1, 2, 1, '0000-00-00 00:00:00'),
(3, 1, 3, 1, '0000-00-00 00:00:00'),
(4, 1, 4, 1, '0000-00-00 00:00:00'),
(5, 1, 5, 1, '0000-00-00 00:00:00'),
(6, 1, 6, 1, '0000-00-00 00:00:00'),
(7, 1, 7, 1, '0000-00-00 00:00:00'),
(8, 1, 8, 1, '0000-00-00 00:00:00'),
(9, 1, 9, 1, '0000-00-00 00:00:00'),
(10, 1, 10, 1, '0000-00-00 00:00:00'),
(11, 1, 11, 1, '0000-00-00 00:00:00'),
(12, 1, 12, 1, '0000-00-00 00:00:00'),
(13, 1, 13, 1, '0000-00-00 00:00:00'),
(14, 1, 14, 1, '0000-00-00 00:00:00'),
(15, 1, 15, 1, '0000-00-00 00:00:00'),
(16, 1, 16, 1, '0000-00-00 00:00:00'),
(17, 1, 17, 1, '0000-00-00 00:00:00'),
(18, 1, 18, 1, '0000-00-00 00:00:00'),
(19, 1, 19, 1, '0000-00-00 00:00:00'),
(20, 1, 20, 1, '0000-00-00 00:00:00'),
(21, 1, 21, 1, '0000-00-00 00:00:00'),
(22, 1, 22, 1, '0000-00-00 00:00:00'),
(23, 1, 23, 1, '0000-00-00 00:00:00'),
(24, 1, 24, 1, '0000-00-00 00:00:00'),
(25, 1, 25, 1, '0000-00-00 00:00:00'),
(26, 1, 26, 1, '0000-00-00 00:00:00'),
(27, 1, 27, 1, '0000-00-00 00:00:00'),
(28, 1, 28, 1, '0000-00-00 00:00:00'),
(29, 1, 29, 1, '0000-00-00 00:00:00'),
(30, 1, 30, 1, '0000-00-00 00:00:00'),
(31, 1, 31, 1, '0000-00-00 00:00:00'),
(32, 1, 32, 1, '0000-00-00 00:00:00'),
(33, 1, 33, 1, '0000-00-00 00:00:00'),
(34, 1, 34, 1, '0000-00-00 00:00:00'),
(35, 1, 35, 1, '0000-00-00 00:00:00'),
(36, 1, 36, 1, '0000-00-00 00:00:00'),
(37, 1, 37, 1, '0000-00-00 00:00:00'),
(38, 1, 38, 1, '0000-00-00 00:00:00'),
(39, 1, 39, 1, '0000-00-00 00:00:00'),
(40, 1, 40, 1, '0000-00-00 00:00:00'),
(41, 1, 41, 1, '0000-00-00 00:00:00'),
(42, 1, 42, 1, '0000-00-00 00:00:00'),
(43, 1, 43, 1, '0000-00-00 00:00:00'),
(44, 1, 44, 1, '0000-00-00 00:00:00'),
(45, 1, 45, 1, '0000-00-00 00:00:00'),
(46, 1, 46, 1, '0000-00-00 00:00:00'),
(47, 1, 47, 1, '0000-00-00 00:00:00'),
(48, 1, 48, 1, '0000-00-00 00:00:00'),
(49, 1, 49, 1, '0000-00-00 00:00:00'),
(50, 1, 50, 1, '0000-00-00 00:00:00'),
(51, 1, 51, 1, '0000-00-00 00:00:00'),
(52, 1, 52, 1, '0000-00-00 00:00:00'),
(53, 1, 53, 1, '0000-00-00 00:00:00'),
(54, 1, 54, 1, '0000-00-00 00:00:00'),
(55, 1, 55, 1, '0000-00-00 00:00:00'),
(56, 1, 56, 1, '0000-00-00 00:00:00'),
(57, 1, 57, 1, '0000-00-00 00:00:00'),
(58, 1, 58, 1, '0000-00-00 00:00:00'),
(59, 1, 59, 1, '0000-00-00 00:00:00'),
(60, 1, 60, 1, '0000-00-00 00:00:00'),
(61, 1, 61, 1, '0000-00-00 00:00:00'),
(62, 1, 62, 1, '0000-00-00 00:00:00'),
(63, 1, 63, 1, '0000-00-00 00:00:00'),
(64, 1, 64, 1, '0000-00-00 00:00:00'),
(65, 1, 65, 1, '0000-00-00 00:00:00'),
(66, 1, 66, 1, '0000-00-00 00:00:00'),
(67, 1, 67, 1, '0000-00-00 00:00:00'),
(68, 1, 68, 1, '0000-00-00 00:00:00'),
(69, 1, 69, 1, '0000-00-00 00:00:00'),
(70, 1, 70, 1, '0000-00-00 00:00:00'),
(71, 1, 71, 1, '0000-00-00 00:00:00'),
(72, 1, 72, 1, '0000-00-00 00:00:00'),
(73, 1, 73, 1, '0000-00-00 00:00:00'),
(74, 1, 74, 1, '0000-00-00 00:00:00'),
(75, 1, 75, 1, '0000-00-00 00:00:00'),
(76, 1, 76, 1, '0000-00-00 00:00:00'),
(77, 1, 77, 1, '0000-00-00 00:00:00'),
(78, 1, 78, 1, '0000-00-00 00:00:00'),
(79, 1, 79, 1, '0000-00-00 00:00:00'),
(80, 1, 80, 1, '0000-00-00 00:00:00'),
(81, 1, 81, 1, '0000-00-00 00:00:00'),
(82, 1, 82, 1, '0000-00-00 00:00:00'),
(83, 1, 83, 1, '0000-00-00 00:00:00'),
(84, 1, 84, 1, '0000-00-00 00:00:00'),
(85, 1, 85, 1, '0000-00-00 00:00:00'),
(86, 1, 86, 1, '0000-00-00 00:00:00'),
(87, 1, 87, 1, '0000-00-00 00:00:00'),
(88, 2, 1, 1, '2019-05-07 18:09:46'),
(89, 3, 1, 1, '2019-05-07 18:10:07');

-- --------------------------------------------------------

--
-- Struktura tabulky `category`
--

CREATE TABLE `category` (
  `id` int(11) NOT NULL,
  `jmeno` varchar(255) COLLATE utf8_unicode_ci NOT NULL
) ENGINE=InnoDB DEFAULT CHARSET=utf8 COLLATE=utf8_unicode_ci;

-- --------------------------------------------------------

--
-- Struktura tabulky `coment`
--

CREATE TABLE `coment` (
  `id` int(11) NOT NULL,
  `ref_id` int(11) DEFAULT NULL,
  `nick` varchar(255) COLLATE utf8_unicode_ci NOT NULL,
  `obsah` longtext COLLATE utf8_unicode_ci NOT NULL,
  `status` longtext COLLATE utf8_unicode_ci NOT NULL,
  `date` varchar(255) COLLATE utf8_unicode_ci NOT NULL
) ENGINE=InnoDB DEFAULT CHARSET=utf8 COLLATE=utf8_unicode_ci;

-- --------------------------------------------------------

--
-- Struktura tabulky `counter`
--

CREATE TABLE `counter` (
  `id` int(11) NOT NULL,
  `ip_adresa` varchar(255) COLLATE utf8_unicode_ci NOT NULL,
  `datum` varchar(255) COLLATE utf8_unicode_ci NOT NULL
) ENGINE=InnoDB DEFAULT CHARSET=utf8 COLLATE=utf8_unicode_ci;

-- --------------------------------------------------------

--
-- Struktura tabulky `demontaz_kola`
--

CREATE TABLE `demontaz_kola` (
  `id` int(11) NOT NULL,
  `zavodnik_id` int(11) DEFAULT NULL,
  `cas_demontaze` int(11) NOT NULL,
  `tr_body` int(11) NOT NULL
) ENGINE=InnoDB DEFAULT CHARSET=utf8 COLLATE=utf8_unicode_ci;

--
-- Vypisuji data pro tabulku `demontaz_kola`
--

INSERT INTO `demontaz_kola` (`id`, `zavodnik_id`, `cas_demontaze`, `tr_body`) VALUES
(1, 1, 100, 1000);

-- --------------------------------------------------------

--
-- Struktura tabulky `etapa`
--

CREATE TABLE `etapa` (
  `id` int(11) NOT NULL,
  `zavod_id` int(11) DEFAULT NULL,
  `name` varchar(150) COLLATE utf8_unicode_ci NOT NULL,
  `body` varchar(255) COLLATE utf8_unicode_ci DEFAULT NULL,
  `externi` tinyint(1) NOT NULL,
  `bezcasu` tinyint(1) NOT NULL,
  `obyc` tinyint(1) NOT NULL,
  `jizda_pravidelnosti` tinyint(1) NOT NULL,
  `dovednostni_kontrola` tinyint(1) NOT NULL,
  `je_ukoncena` tinyint(1) NOT NULL
) ENGINE=InnoDB DEFAULT CHARSET=utf8 COLLATE=utf8_unicode_ci;

--
-- Vypisuji data pro tabulku `etapa`
--

INSERT INTO `etapa` (`id`, `zavod_id`, `name`, `body`, `externi`, `bezcasu`, `obyc`, `jizda_pravidelnosti`, `dovednostni_kontrola`, `je_ukoncena`) VALUES
(1, 1, 'Kolín', NULL, 0, 0, 1, 0, 0, 1),
(2, 1, 'Polná', NULL, 0, 0, 1, 0, 0, 0),
(3, 1, 'Ostrovačice', NULL, 0, 0, 1, 0, 0, 0),
(4, 1, 'Cíl I.etapa', NULL, 0, 0, 1, 0, 0, 0),
(5, 1, 'bezcasu', NULL, 0, 1, 0, 0, 0, 1),
(6, 1, 'dovednost', NULL, 0, 0, 0, 0, 1, 0),
(7, 1, 'bezcasu2', NULL, 0, 1, 0, 0, 0, 1);

-- --------------------------------------------------------

--
-- Struktura tabulky `historie`
--

CREATE TABLE `historie` (
  `id` int(11) NOT NULL,
  `ref_id` int(11) DEFAULT NULL,
  `cislo` int(11) NOT NULL,
  `puvodni_cas` datetime NOT NULL,
  `zmeneny_cas` datetime NOT NULL
) ENGINE=InnoDB DEFAULT CHARSET=utf8 COLLATE=utf8_unicode_ci;

-- --------------------------------------------------------

--
-- Struktura tabulky `jizda_pravidelnosti`
--

CREATE TABLE `jizda_pravidelnosti` (
  `id` int(11) NOT NULL,
  `zavodnik_id` int(11) DEFAULT NULL,
  `vysledny_cas` varchar(255) COLLATE utf8_unicode_ci NOT NULL,
  `tr_body` int(11) NOT NULL
) ENGINE=InnoDB DEFAULT CHARSET=utf8 COLLATE=utf8_unicode_ci;

-- --------------------------------------------------------

--
-- Struktura tabulky `obrazek`
--

CREATE TABLE `obrazek` (
  `id` int(11) NOT NULL,
  `ref_id` int(11) DEFAULT NULL,
  `path` longtext COLLATE utf8_unicode_ci NOT NULL
) ENGINE=InnoDB DEFAULT CHARSET=utf8 COLLATE=utf8_unicode_ci;

-- --------------------------------------------------------

--
-- Struktura tabulky `pezinska_baba`
--

CREATE TABLE `pezinska_baba` (
  `id` int(11) NOT NULL,
  `zavodnik_id` int(11) DEFAULT NULL,
  `cas_prvni_jizdy` varchar(255) COLLATE utf8_unicode_ci NOT NULL,
  `cas_druhe_jizdy` varchar(255) COLLATE utf8_unicode_ci NOT NULL,
  `rozdil_casu` varchar(255) COLLATE utf8_unicode_ci NOT NULL,
  `tr_body` int(11) NOT NULL
) ENGINE=InnoDB DEFAULT CHARSET=utf8 COLLATE=utf8_unicode_ci;

-- --------------------------------------------------------

--
-- Struktura tabulky `projel`
--

CREATE TABLE `projel` (
  `id` int(11) NOT NULL,
  `zavodnik_id` int(11) DEFAULT NULL,
  `etapa_id` int(11) DEFAULT NULL,
  `projel` tinyint(1) NOT NULL
) ENGINE=InnoDB DEFAULT CHARSET=utf8 COLLATE=utf8_unicode_ci;

--
-- Vypisuji data pro tabulku `projel`
--

INSERT INTO `projel` (`id`, `zavodnik_id`, `etapa_id`, `projel`) VALUES
(1, 1, 7, 1),
(2, 2, 7, 1),
(3, 71, 7, 1),
(4, 70, 7, 1),
(5, 74, 7, 1),
(6, 22, 7, 1);

-- --------------------------------------------------------

--
-- Struktura tabulky `stanoveny_cas_kontroly`
--

CREATE TABLE `stanoveny_cas_kontroly` (
  `id` int(11) NOT NULL,
  `zavodnik_id` int(11) DEFAULT NULL,
  `etapa_id` int(11) DEFAULT NULL,
  `prijezd` datetime NOT NULL,
  `odjezd` datetime NOT NULL,
  `start` datetime DEFAULT NULL
) ENGINE=InnoDB DEFAULT CHARSET=utf8 COLLATE=utf8_unicode_ci;

--
-- Vypisuji data pro tabulku `stanoveny_cas_kontroly`
--

INSERT INTO `stanoveny_cas_kontroly` (`id`, `zavodnik_id`, `etapa_id`, `prijezd`, `odjezd`, `start`) VALUES
(1, 1, 1, '2019-05-07 07:35:00', '2019-05-07 07:40:00', '2019-05-07 06:00:00'),
(2, 3, 1, '2019-05-07 07:37:00', '2019-05-07 07:42:00', '2019-05-07 06:02:00'),
(3, 4, 1, '2019-05-07 07:38:00', '2019-05-07 07:43:00', '2019-05-07 06:03:00'),
(4, 6, 1, '2019-05-07 07:39:00', '2019-05-07 07:44:00', '2019-05-07 06:04:00'),
(5, 7, 1, '2019-05-07 07:40:00', '2019-05-07 07:45:00', '2019-05-07 06:05:00'),
(6, 2, 1, '2019-05-07 07:41:00', '2019-05-07 07:46:00', '2019-05-07 06:06:00'),
(7, 8, 1, '2019-05-07 07:42:00', '2019-05-07 07:47:00', '2019-05-07 06:07:00'),
(8, 9, 1, '2019-05-07 07:43:00', '2019-05-07 07:48:00', '2019-05-07 06:08:00'),
(9, 10, 1, '2019-05-07 07:47:00', '2019-05-07 07:52:00', '2019-05-07 06:12:00'),
(10, 12, 1, '2019-05-07 07:48:00', '2019-05-07 07:53:00', '2019-05-07 06:13:00'),
(11, 13, 1, '2019-05-07 07:49:00', '2019-05-07 07:54:00', '2019-05-07 06:14:00'),
(12, 11, 1, '2019-05-07 07:50:00', '2019-05-07 07:55:00', '2019-05-07 06:15:00'),
(13, 14, 1, '2019-05-07 07:51:00', '2019-05-07 07:56:00', '2019-05-07 06:16:00'),
(14, 15, 1, '2019-05-07 07:52:00', '2019-05-07 07:57:00', '2019-05-07 06:17:00'),
(15, 16, 1, '2019-05-07 07:53:00', '2019-05-07 07:58:00', '2019-05-07 06:18:00'),
(16, 17, 1, '2019-05-07 07:54:00', '2019-05-07 07:59:00', '2019-05-07 06:19:00'),
(17, 18, 1, '2019-05-07 07:55:00', '2019-05-07 08:00:00', '2019-05-07 06:20:00'),
(18, 23, 1, '2019-05-07 07:56:00', '2019-05-07 08:01:00', '2019-05-07 06:21:00'),
(19, 24, 1, '2019-05-07 07:57:00', '2019-05-07 08:02:00', '2019-05-07 06:22:00'),
(20, 25, 1, '2019-05-07 07:58:00', '2019-05-07 08:03:00', '2019-05-07 06:23:00'),
(21, 26, 1, '2019-05-07 07:59:00', '2019-05-07 08:04:00', '2019-05-07 06:24:00'),
(22, 27, 1, '2019-05-07 08:00:00', '2019-05-07 08:05:00', '2019-05-07 06:25:00'),
(23, 36, 1, '2019-05-07 08:01:00', '2019-05-07 08:06:00', '2019-05-07 06:26:00'),
(24, 29, 1, '2019-05-07 08:02:00', '2019-05-07 08:07:00', '2019-05-07 06:27:00'),
(25, 30, 1, '2019-05-07 08:03:00', '2019-05-07 08:08:00', '2019-05-07 06:28:00'),
(26, 31, 1, '2019-05-07 08:04:00', '2019-05-07 08:09:00', '2019-05-07 06:29:00'),
(27, 33, 1, '2019-05-07 08:05:00', '2019-05-07 08:10:00', '2019-05-07 06:30:00'),
(28, 34, 1, '2019-05-07 08:06:00', '2019-05-07 08:11:00', '2019-05-07 06:31:00'),
(29, 35, 1, '2019-05-07 08:07:00', '2019-05-07 08:12:00', '2019-05-07 06:32:00'),
(30, 28, 1, '2019-05-07 08:08:00', '2019-05-07 08:13:00', '2019-05-07 06:33:00'),
(31, 38, 1, '2019-05-07 08:09:00', '2019-05-07 08:14:00', '2019-05-07 06:34:00'),
(32, 39, 1, '2019-05-07 08:10:00', '2019-05-07 08:15:00', '2019-05-07 06:35:00'),
(33, 40, 1, '2019-05-07 08:11:00', '2019-05-07 08:16:00', '2019-05-07 06:36:00'),
(34, 32, 1, '2019-05-07 08:12:00', '2019-05-07 08:17:00', '2019-05-07 06:37:00'),
(35, 37, 1, '2019-05-07 08:13:00', '2019-05-07 08:18:00', '2019-05-07 06:38:00'),
(36, 41, 1, '2019-05-07 08:16:00', '2019-05-07 08:21:00', '2019-05-07 06:41:00'),
(37, 49, 1, '2019-05-07 08:17:00', '2019-05-07 08:22:00', '2019-05-07 06:42:00'),
(38, 42, 1, '2019-05-07 08:18:00', '2019-05-07 08:23:00', '2019-05-07 06:43:00'),
(39, 43, 1, '2019-05-07 08:19:00', '2019-05-07 08:24:00', '2019-05-07 06:44:00'),
(40, 44, 1, '2019-05-07 08:20:00', '2019-05-07 08:25:00', '2019-05-07 06:45:00'),
(41, 52, 1, '2019-05-07 08:21:00', '2019-05-07 08:26:00', '2019-05-07 06:46:00'),
(42, 45, 1, '2019-05-07 08:22:00', '2019-05-07 08:27:00', '2019-05-07 06:47:00'),
(43, 53, 1, '2019-05-07 08:23:00', '2019-05-07 08:28:00', '2019-05-07 06:48:00'),
(44, 47, 1, '2019-05-07 08:24:00', '2019-05-07 08:29:00', '2019-05-07 06:49:00'),
(45, 48, 1, '2019-05-07 08:25:00', '2019-05-07 08:30:00', '2019-05-07 06:50:00'),
(46, 51, 1, '2019-05-07 08:26:00', '2019-05-07 08:31:00', '2019-05-07 06:51:00'),
(47, 50, 1, '2019-05-07 08:27:00', '2019-05-07 08:32:00', '2019-05-07 06:52:00'),
(48, 54, 1, '2019-05-07 08:28:00', '2019-05-07 08:33:00', '2019-05-07 06:53:00'),
(49, 56, 1, '2019-05-07 08:29:00', '2019-05-07 08:34:00', '2019-05-07 06:54:00'),
(50, 22, 1, '2019-05-07 08:30:00', '2019-05-07 08:35:00', '2019-05-07 06:55:00'),
(51, 55, 1, '2019-05-07 08:31:00', '2019-05-07 08:36:00', '2019-05-07 06:56:00'),
(52, 46, 1, '2019-05-07 08:32:00', '2019-05-07 08:37:00', '2019-05-07 06:57:00'),
(53, 57, 1, '2019-05-07 08:33:00', '2019-05-07 08:38:00', '2019-05-07 06:58:00'),
(54, 5, 1, '2019-05-07 08:34:00', '2019-05-07 08:39:00', '2019-05-07 06:59:00'),
(55, 58, 1, '2019-05-07 08:35:00', '2019-05-07 08:40:00', '2019-05-07 07:00:00'),
(56, 59, 1, '2019-05-07 08:37:00', '2019-05-07 08:42:00', '2019-05-07 07:02:00'),
(57, 61, 1, '2019-05-07 08:38:00', '2019-05-07 08:43:00', '2019-05-07 07:03:00'),
(58, 62, 1, '2019-05-07 08:39:00', '2019-05-07 08:44:00', '2019-05-07 07:04:00'),
(59, 63, 1, '2019-05-07 08:40:00', '2019-05-07 08:45:00', '2019-05-07 07:05:00'),
(60, 64, 1, '2019-05-07 08:41:00', '2019-05-07 08:46:00', '2019-05-07 07:06:00'),
(61, 65, 1, '2019-05-07 08:42:00', '2019-05-07 08:47:00', '2019-05-07 07:07:00'),
(62, 66, 1, '2019-05-07 08:43:00', '2019-05-07 08:48:00', '2019-05-07 07:08:00'),
(63, 67, 1, '2019-05-07 08:44:00', '2019-05-07 08:49:00', '2019-05-07 07:09:00'),
(64, 68, 1, '2019-05-07 08:45:00', '2019-05-07 08:50:00', '2019-05-07 07:10:00'),
(65, 69, 1, '2019-05-07 08:46:00', '2019-05-07 08:51:00', '2019-05-07 07:11:00'),
(66, 70, 1, '2019-05-07 08:47:00', '2019-05-07 08:52:00', '2019-05-07 07:12:00'),
(67, 71, 1, '2019-05-07 08:48:00', '2019-05-07 08:53:00', '2019-05-07 07:13:00'),
(68, 74, 1, '2019-05-07 08:49:00', '2019-05-07 08:54:00', '2019-05-07 07:14:00'),
(69, 73, 1, '2019-05-07 08:50:00', '2019-05-07 08:55:00', '2019-05-07 07:15:00'),
(70, 75, 1, '2019-05-07 08:51:00', '2019-05-07 08:56:00', '2019-05-07 07:16:00'),
(71, 76, 1, '2019-05-07 08:52:00', '2019-05-07 08:57:00', '2019-05-07 07:17:00'),
(72, 77, 1, '2019-05-07 08:53:00', '2019-05-07 08:58:00', '2019-05-07 07:18:00'),
(73, 78, 1, '2019-05-07 08:54:00', '2019-05-07 08:59:00', '2019-05-07 07:19:00'),
(74, 60, 1, '2019-05-07 08:55:00', '2019-05-07 09:00:00', '2019-05-07 07:20:00'),
(75, 72, 1, '2019-05-07 08:56:00', '2019-05-07 09:01:00', '2019-05-07 07:21:00'),
(76, 80, 1, '2019-05-07 08:57:00', '2019-05-07 09:02:00', '2019-05-07 07:22:00'),
(77, 79, 1, '2019-05-07 08:58:00', '2019-05-07 09:03:00', '2019-05-07 07:23:00'),
(78, 81, 1, '2019-05-07 08:59:00', '2019-05-07 09:04:00', '2019-05-07 07:24:00'),
(79, 82, 1, '2019-05-07 09:00:00', '2019-05-07 09:05:00', '2019-05-07 07:25:00'),
(80, 83, 1, '2019-05-07 09:01:00', '2019-05-07 09:06:00', '2019-05-07 07:26:00'),
(81, 84, 1, '2019-05-07 09:02:00', '2019-05-07 09:07:00', '2019-05-07 07:27:00'),
(82, 85, 1, '2019-05-07 09:03:00', '2019-05-07 09:08:00', '2019-05-07 07:28:00'),
(83, 86, 1, '2019-05-07 09:04:00', '2019-05-07 09:09:00', '2019-05-07 07:29:00'),
(84, 1, 2, '2019-05-07 09:25:00', '2019-05-07 09:30:00', NULL),
(85, 3, 2, '2019-05-07 09:27:00', '2019-05-07 09:32:00', NULL),
(86, 4, 2, '2019-05-07 09:28:00', '2019-05-07 09:33:00', NULL),
(87, 6, 2, '2019-05-07 09:29:00', '2019-05-07 09:34:00', NULL),
(88, 7, 2, '2019-05-07 09:30:00', '2019-05-07 09:35:00', NULL),
(89, 2, 2, '2019-05-07 09:31:00', '2019-05-07 09:36:00', NULL),
(90, 8, 2, '2019-05-07 09:32:00', '2019-05-07 09:37:00', NULL),
(91, 9, 2, '2019-05-07 09:33:00', '2019-05-07 09:38:00', NULL),
(92, 10, 2, '2019-05-07 09:37:00', '2019-05-07 09:42:00', NULL),
(93, 12, 2, '2019-05-07 09:38:00', '2019-05-07 09:43:00', NULL),
(94, 13, 2, '2019-05-07 09:39:00', '2019-05-07 09:44:00', NULL),
(95, 11, 2, '2019-05-07 09:40:00', '2019-05-07 09:45:00', NULL),
(96, 14, 2, '2019-05-07 09:41:00', '2019-05-07 09:46:00', NULL),
(97, 15, 2, '2019-05-07 09:42:00', '2019-05-07 09:47:00', NULL),
(98, 16, 2, '2019-05-07 09:43:00', '2019-05-07 09:48:00', NULL),
(99, 17, 2, '2019-05-07 09:44:00', '2019-05-07 09:49:00', NULL),
(100, 18, 2, '2019-05-07 09:45:00', '2019-05-07 09:50:00', NULL),
(101, 23, 2, '2019-05-07 09:46:00', '2019-05-07 09:51:00', NULL),
(102, 24, 2, '2019-05-07 09:47:00', '2019-05-07 09:52:00', NULL),
(103, 25, 2, '2019-05-07 09:48:00', '2019-05-07 09:53:00', NULL),
(104, 26, 2, '2019-05-07 09:49:00', '2019-05-07 09:54:00', NULL),
(105, 27, 2, '2019-05-07 09:50:00', '2019-05-07 09:55:00', NULL),
(106, 36, 2, '2019-05-07 09:51:00', '2019-05-07 09:56:00', NULL),
(107, 29, 2, '2019-05-07 09:52:00', '2019-05-07 09:57:00', NULL),
(108, 30, 2, '2019-05-07 09:53:00', '2019-05-07 09:58:00', NULL),
(109, 31, 2, '2019-05-07 09:54:00', '2019-05-07 09:59:00', NULL),
(110, 33, 2, '2019-05-07 09:55:00', '2019-05-07 10:00:00', NULL),
(111, 34, 2, '2019-05-07 09:56:00', '2019-05-07 10:01:00', NULL),
(112, 35, 2, '2019-05-07 09:57:00', '2019-05-07 10:02:00', NULL),
(113, 28, 2, '2019-05-07 09:58:00', '2019-05-07 10:03:00', NULL),
(114, 38, 2, '2019-05-07 09:59:00', '2019-05-07 10:04:00', NULL),
(115, 39, 2, '2019-05-07 10:00:00', '2019-05-07 10:05:00', NULL),
(116, 40, 2, '2019-05-07 10:01:00', '2019-05-07 10:06:00', NULL),
(117, 32, 2, '2019-05-07 10:02:00', '2019-05-07 10:07:00', NULL),
(118, 37, 2, '2019-05-07 10:03:00', '2019-05-07 10:08:00', NULL),
(119, 41, 2, '2019-05-07 10:06:00', '2019-05-07 10:11:00', NULL),
(120, 49, 2, '2019-05-07 10:07:00', '2019-05-07 10:12:00', NULL),
(121, 42, 2, '2019-05-07 10:08:00', '2019-05-07 10:13:00', NULL),
(122, 43, 2, '2019-05-07 10:09:00', '2019-05-07 10:14:00', NULL),
(123, 44, 2, '2019-05-07 10:10:00', '2019-05-07 10:15:00', NULL),
(124, 52, 2, '2019-05-07 10:11:00', '2019-05-07 10:16:00', NULL),
(125, 45, 2, '2019-05-07 10:12:00', '2019-05-07 10:17:00', NULL),
(126, 53, 2, '2019-05-07 10:13:00', '2019-05-07 10:18:00', NULL),
(127, 47, 2, '2019-05-07 10:14:00', '2019-05-07 10:19:00', NULL),
(128, 48, 2, '2019-05-07 10:15:00', '2019-05-07 10:20:00', NULL),
(129, 51, 2, '2019-05-07 10:16:00', '2019-05-07 10:21:00', NULL),
(130, 50, 2, '2019-05-07 10:17:00', '2019-05-07 10:22:00', NULL),
(131, 54, 2, '2019-05-07 10:18:00', '2019-05-07 10:23:00', NULL),
(132, 56, 2, '2019-05-07 10:19:00', '2019-05-07 10:24:00', NULL),
(133, 22, 2, '2019-05-07 10:20:00', '2019-05-07 10:25:00', NULL),
(134, 55, 2, '2019-05-07 10:21:00', '2019-05-07 10:26:00', NULL),
(135, 46, 2, '2019-05-07 10:22:00', '2019-05-07 10:27:00', NULL),
(136, 57, 2, '2019-05-07 10:23:00', '2019-05-07 10:28:00', NULL),
(137, 5, 2, '2019-05-07 10:24:00', '2019-05-07 10:29:00', NULL),
(138, 58, 2, '2019-05-07 10:25:00', '2019-05-07 10:30:00', NULL),
(139, 59, 2, '2019-05-07 10:27:00', '2019-05-07 10:32:00', NULL),
(140, 61, 2, '2019-05-07 10:28:00', '2019-05-07 10:33:00', NULL),
(141, 62, 2, '2019-05-07 10:29:00', '2019-05-07 10:34:00', NULL),
(142, 63, 2, '2019-05-07 10:30:00', '2019-05-07 10:35:00', NULL),
(143, 64, 2, '2019-05-07 10:31:00', '2019-05-07 10:36:00', NULL),
(144, 65, 2, '2019-05-07 10:32:00', '2019-05-07 10:37:00', NULL),
(145, 66, 2, '2019-05-07 10:33:00', '2019-05-07 10:38:00', NULL),
(146, 67, 2, '2019-05-07 10:34:00', '2019-05-07 10:39:00', NULL),
(147, 68, 2, '2019-05-07 10:35:00', '2019-05-07 10:40:00', NULL),
(148, 69, 2, '2019-05-07 10:36:00', '2019-05-07 10:41:00', NULL),
(149, 70, 2, '2019-05-07 10:37:00', '2019-05-07 10:42:00', NULL),
(150, 71, 2, '2019-05-07 10:38:00', '2019-05-07 10:43:00', NULL),
(151, 74, 2, '2019-05-07 10:39:00', '2019-05-07 10:44:00', NULL),
(152, 73, 2, '2019-05-07 10:40:00', '2019-05-07 10:45:00', NULL),
(153, 75, 2, '2019-05-07 10:41:00', '2019-05-07 10:46:00', NULL),
(154, 76, 2, '2019-05-07 10:42:00', '2019-05-07 10:47:00', NULL),
(155, 77, 2, '2019-05-07 10:43:00', '2019-05-07 10:48:00', NULL),
(156, 78, 2, '2019-05-07 10:44:00', '2019-05-07 10:49:00', NULL),
(157, 60, 2, '2019-05-07 10:45:00', '2019-05-07 10:50:00', NULL),
(158, 72, 2, '2019-05-07 10:46:00', '2019-05-07 10:51:00', NULL),
(159, 80, 2, '2019-05-07 10:47:00', '2019-05-07 10:52:00', NULL),
(160, 79, 2, '2019-05-07 10:48:00', '2019-05-07 10:53:00', NULL),
(161, 81, 2, '2019-05-07 10:49:00', '2019-05-07 10:54:00', NULL),
(162, 82, 2, '2019-05-07 10:50:00', '2019-05-07 10:55:00', NULL),
(163, 83, 2, '2019-05-07 10:51:00', '2019-05-07 10:56:00', NULL),
(164, 84, 2, '2019-05-07 10:52:00', '2019-05-07 10:57:00', NULL),
(165, 85, 2, '2019-05-07 10:53:00', '2019-05-07 10:58:00', NULL),
(166, 86, 2, '2019-05-07 10:54:00', '2019-05-07 10:59:00', NULL),
(167, 1, 3, '2019-05-07 10:50:00', '2019-05-07 10:55:00', '2019-05-07 06:00:00'),
(168, 3, 3, '2019-05-07 10:51:00', '2019-05-07 10:56:00', '2019-05-07 06:01:00'),
(169, 4, 3, '2019-05-07 10:52:00', '2019-05-07 10:57:00', '2019-05-07 06:02:00'),
(170, 5, 3, '2019-05-07 10:53:00', '2019-05-07 10:58:00', '2019-05-07 06:03:00'),
(171, 6, 3, '2019-05-07 10:54:00', '2019-05-07 10:59:00', '2019-05-07 06:04:00'),
(172, 7, 3, '2019-05-07 10:55:00', '2019-05-07 11:00:00', '2019-05-07 06:05:00'),
(173, 2, 3, '2019-05-07 10:56:00', '2019-05-07 11:01:00', '2019-05-07 06:06:00'),
(174, 8, 3, '2019-05-07 10:57:00', '2019-05-07 11:02:00', '2019-05-07 06:07:00'),
(175, 9, 3, '2019-05-07 10:58:00', '2019-05-07 11:03:00', '2019-05-07 06:08:00'),
(176, 10, 3, '2019-05-07 10:59:00', '2019-05-07 11:04:00', '2019-05-07 06:09:00'),
(177, 12, 3, '2019-05-07 11:00:00', '2019-05-07 11:05:00', '2019-05-07 06:10:00'),
(178, 13, 3, '2019-05-07 11:01:00', '2019-05-07 11:06:00', '2019-05-07 06:11:00'),
(179, 11, 3, '2019-05-07 11:02:00', '2019-05-07 11:07:00', '2019-05-07 06:12:00'),
(180, 14, 3, '2019-05-07 11:03:00', '2019-05-07 11:08:00', '2019-05-07 06:13:00'),
(181, 15, 3, '2019-05-07 11:04:00', '2019-05-07 11:09:00', '2019-05-07 06:14:00'),
(182, 16, 3, '2019-05-07 11:05:00', '2019-05-07 11:10:00', '2019-05-07 06:15:00'),
(183, 17, 3, '2019-05-07 11:06:00', '2019-05-07 11:11:00', '2019-05-07 06:16:00'),
(184, 18, 3, '2019-05-07 11:07:00', '2019-05-07 11:12:00', '2019-05-07 06:17:00'),
(185, 23, 3, '2019-05-07 11:08:00', '2019-05-07 11:13:00', '2019-05-07 06:18:00'),
(186, 24, 3, '2019-05-07 11:09:00', '2019-05-07 11:14:00', '2019-05-07 06:19:00'),
(187, 25, 3, '2019-05-07 11:10:00', '2019-05-07 11:15:00', '2019-05-07 06:20:00'),
(188, 26, 3, '2019-05-07 11:11:00', '2019-05-07 11:16:00', '2019-05-07 06:21:00'),
(189, 27, 3, '2019-05-07 11:12:00', '2019-05-07 11:17:00', '2019-05-07 06:22:00'),
(190, 36, 3, '2019-05-07 11:13:00', '2019-05-07 11:18:00', '2019-05-07 06:23:00'),
(191, 29, 3, '2019-05-07 11:14:00', '2019-05-07 11:19:00', '2019-05-07 06:24:00'),
(192, 30, 3, '2019-05-07 11:15:00', '2019-05-07 11:20:00', '2019-05-07 06:25:00'),
(193, 31, 3, '2019-05-07 11:16:00', '2019-05-07 11:21:00', '2019-05-07 06:26:00'),
(194, 33, 3, '2019-05-07 11:17:00', '2019-05-07 11:22:00', '2019-05-07 06:27:00'),
(195, 34, 3, '2019-05-07 11:18:00', '2019-05-07 11:23:00', '2019-05-07 06:28:00'),
(196, 35, 3, '2019-05-07 11:19:00', '2019-05-07 11:24:00', '2019-05-07 06:29:00'),
(197, 28, 3, '2019-05-07 11:20:00', '2019-05-07 11:25:00', '2019-05-07 06:30:00'),
(198, 38, 3, '2019-05-07 11:21:00', '2019-05-07 11:26:00', '2019-05-07 06:31:00'),
(199, 39, 3, '2019-05-07 11:22:00', '2019-05-07 11:27:00', '2019-05-07 06:32:00'),
(200, 40, 3, '2019-05-07 11:23:00', '2019-05-07 11:28:00', '2019-05-07 06:33:00'),
(201, 32, 3, '2019-05-07 11:24:00', '2019-05-07 11:29:00', '2019-05-07 06:34:00'),
(202, 37, 3, '2019-05-07 11:25:00', '2019-05-07 11:30:00', '2019-05-07 06:35:00'),
(203, 41, 3, '2019-05-07 11:26:00', '2019-05-07 11:31:00', '2019-05-07 06:36:00'),
(204, 49, 3, '2019-05-07 11:27:00', '2019-05-07 11:32:00', '2019-05-07 06:37:00'),
(205, 42, 3, '2019-05-07 11:28:00', '2019-05-07 11:33:00', '2019-05-07 06:38:00'),
(206, 43, 3, '2019-05-07 11:29:00', '2019-05-07 11:34:00', '2019-05-07 06:39:00'),
(207, 44, 3, '2019-05-07 11:30:00', '2019-05-07 11:35:00', '2019-05-07 06:40:00'),
(208, 52, 3, '2019-05-07 11:31:00', '2019-05-07 11:36:00', '2019-05-07 06:41:00'),
(209, 45, 3, '2019-05-07 11:32:00', '2019-05-07 11:37:00', '2019-05-07 06:42:00'),
(210, 53, 3, '2019-05-07 11:33:00', '2019-05-07 11:38:00', '2019-05-07 06:43:00'),
(211, 47, 3, '2019-05-07 11:34:00', '2019-05-07 11:39:00', '2019-05-07 06:44:00'),
(212, 48, 3, '2019-05-07 11:35:00', '2019-05-07 11:40:00', '2019-05-07 06:45:00'),
(213, 51, 3, '2019-05-07 11:36:00', '2019-05-07 11:41:00', '2019-05-07 06:46:00'),
(214, 50, 3, '2019-05-07 11:37:00', '2019-05-07 11:42:00', '2019-05-07 06:47:00'),
(215, 54, 3, '2019-05-07 11:38:00', '2019-05-07 11:43:00', '2019-05-07 06:48:00'),
(216, 56, 3, '2019-05-07 11:39:00', '2019-05-07 11:44:00', '2019-05-07 06:49:00'),
(217, 22, 3, '2019-05-07 11:40:00', '2019-05-07 11:45:00', '2019-05-07 06:50:00'),
(218, 55, 3, '2019-05-07 11:41:00', '2019-05-07 11:46:00', '2019-05-07 06:51:00'),
(219, 46, 3, '2019-05-07 11:42:00', '2019-05-07 11:47:00', '2019-05-07 06:52:00'),
(220, 57, 3, '2019-05-07 11:43:00', '2019-05-07 11:48:00', '2019-05-07 06:53:00'),
(221, 58, 3, '2019-05-07 11:44:00', '2019-05-07 11:49:00', '2019-05-07 06:54:00'),
(222, 59, 3, '2019-05-07 11:46:00', '2019-05-07 11:51:00', '2019-05-07 06:56:00'),
(223, 60, 3, '2019-05-07 11:47:00', '2019-05-07 11:52:00', '2019-05-07 06:57:00'),
(224, 61, 3, '2019-05-07 11:48:00', '2019-05-07 11:53:00', '2019-05-07 06:58:00'),
(225, 62, 3, '2019-05-07 11:49:00', '2019-05-07 11:54:00', '2019-05-07 06:59:00'),
(226, 63, 3, '2019-05-07 11:50:00', '2019-05-07 11:55:00', '2019-05-07 07:00:00'),
(227, 64, 3, '2019-05-07 11:51:00', '2019-05-07 11:56:00', '2019-05-07 07:01:00'),
(228, 65, 3, '2019-05-07 11:52:00', '2019-05-07 11:57:00', '2019-05-07 07:02:00'),
(229, 66, 3, '2019-05-07 11:53:00', '2019-05-07 11:58:00', '2019-05-07 07:03:00'),
(230, 67, 3, '2019-05-07 11:54:00', '2019-05-07 11:59:00', '2019-05-07 07:04:00'),
(231, 68, 3, '2019-05-07 11:55:00', '2019-05-07 12:00:00', '2019-05-07 07:05:00'),
(232, 69, 3, '2019-05-07 11:56:00', '2019-05-07 12:01:00', '2019-05-07 07:06:00'),
(233, 70, 3, '2019-05-07 11:57:00', '2019-05-07 12:02:00', '2019-05-07 07:07:00'),
(234, 71, 3, '2019-05-07 11:58:00', '2019-05-07 12:03:00', '2019-05-07 07:08:00'),
(235, 74, 3, '2019-05-07 11:59:00', '2019-05-07 12:04:00', '2019-05-07 07:09:00'),
(236, 73, 3, '2019-05-07 12:00:00', '2019-05-07 12:05:00', '2019-05-07 07:10:00'),
(237, 75, 3, '2019-05-07 12:01:00', '2019-05-07 12:06:00', '2019-05-07 07:11:00'),
(238, 76, 3, '2019-05-07 12:02:00', '2019-05-07 12:07:00', '2019-05-07 07:12:00'),
(239, 77, 3, '2019-05-07 12:03:00', '2019-05-07 12:08:00', '2019-05-07 07:13:00'),
(240, 78, 3, '2019-05-07 12:04:00', '2019-05-07 12:09:00', '2019-05-07 07:14:00'),
(241, 72, 3, '2019-05-07 12:05:00', '2019-05-07 12:10:00', '2019-05-07 07:15:00'),
(242, 80, 3, '2019-05-07 12:06:00', '2019-05-07 12:11:00', '2019-05-07 07:16:00'),
(243, 79, 3, '2019-05-07 12:07:00', '2019-05-07 12:12:00', '2019-05-07 07:17:00'),
(244, 81, 3, '2019-05-07 12:08:00', '2019-05-07 12:13:00', '2019-05-07 07:18:00'),
(245, 82, 3, '2019-05-07 12:09:00', '2019-05-07 12:14:00', '2019-05-07 07:19:00'),
(246, 83, 3, '2019-05-07 12:10:00', '2019-05-07 12:15:00', '2019-05-07 07:20:00'),
(247, 84, 3, '2019-05-07 12:11:00', '2019-05-07 12:16:00', '2019-05-07 07:21:00'),
(248, 85, 3, '2019-05-07 12:12:00', '2019-05-07 12:17:00', '2019-05-07 07:22:00'),
(249, 86, 3, '2019-05-07 12:13:00', '2019-05-07 12:18:00', '2019-05-07 07:23:00'),
(250, 1, 4, '2019-05-07 15:50:00', '2019-05-07 15:55:00', '2019-05-07 06:00:00'),
(251, 3, 4, '2019-05-07 15:51:00', '2019-05-07 15:56:00', '2019-05-07 06:01:00'),
(252, 4, 4, '2019-05-07 15:52:00', '2019-05-07 15:57:00', '2019-05-07 06:02:00'),
(253, 5, 4, '2019-05-07 15:53:00', '2019-05-07 15:58:00', '2019-05-07 06:03:00'),
(254, 6, 4, '2019-05-07 15:54:00', '2019-05-07 15:59:00', '2019-05-07 06:04:00'),
(255, 7, 4, '2019-05-07 15:55:00', '2019-05-07 16:00:00', '2019-05-07 06:05:00'),
(256, 2, 4, '2019-05-07 15:56:00', '2019-05-07 16:01:00', '2019-05-07 06:06:00'),
(257, 8, 4, '2019-05-07 15:57:00', '2019-05-07 16:02:00', '2019-05-07 06:07:00'),
(258, 9, 4, '2019-05-07 15:58:00', '2019-05-07 16:03:00', '2019-05-07 06:08:00'),
(259, 10, 4, '2019-05-07 15:59:00', '2019-05-07 16:04:00', '2019-05-07 06:09:00'),
(260, 12, 4, '2019-05-07 16:00:00', '2019-05-07 16:05:00', '2019-05-07 06:10:00'),
(261, 13, 4, '2019-05-07 16:01:00', '2019-05-07 16:06:00', '2019-05-07 06:11:00'),
(262, 11, 4, '2019-05-07 16:02:00', '2019-05-07 16:07:00', '2019-05-07 06:12:00'),
(263, 14, 4, '2019-05-07 16:03:00', '2019-05-07 16:08:00', '2019-05-07 06:13:00'),
(264, 15, 4, '2019-05-07 16:04:00', '2019-05-07 16:09:00', '2019-05-07 06:14:00'),
(265, 16, 4, '2019-05-07 16:05:00', '2019-05-07 16:10:00', '2019-05-07 06:15:00'),
(266, 17, 4, '2019-05-07 16:06:00', '2019-05-07 16:11:00', '2019-05-07 06:16:00'),
(267, 18, 4, '2019-05-07 16:07:00', '2019-05-07 16:12:00', '2019-05-07 06:17:00'),
(268, 23, 4, '2019-05-07 16:08:00', '2019-05-07 16:13:00', '2019-05-07 06:18:00'),
(269, 24, 4, '2019-05-07 16:09:00', '2019-05-07 16:14:00', '2019-05-07 06:19:00'),
(270, 25, 4, '2019-05-07 16:10:00', '2019-05-07 16:15:00', '2019-05-07 06:20:00'),
(271, 26, 4, '2019-05-07 16:11:00', '2019-05-07 16:16:00', '2019-05-07 06:21:00'),
(272, 27, 4, '2019-05-07 16:12:00', '2019-05-07 16:17:00', '2019-05-07 06:22:00'),
(273, 36, 4, '2019-05-07 16:13:00', '2019-05-07 16:18:00', '2019-05-07 06:23:00'),
(274, 29, 4, '2019-05-07 16:14:00', '2019-05-07 16:19:00', '2019-05-07 06:24:00'),
(275, 30, 4, '2019-05-07 16:15:00', '2019-05-07 16:20:00', '2019-05-07 06:25:00'),
(276, 31, 4, '2019-05-07 16:16:00', '2019-05-07 16:21:00', '2019-05-07 06:26:00'),
(277, 33, 4, '2019-05-07 16:17:00', '2019-05-07 16:22:00', '2019-05-07 06:27:00'),
(278, 34, 4, '2019-05-07 16:18:00', '2019-05-07 16:23:00', '2019-05-07 06:28:00'),
(279, 35, 4, '2019-05-07 16:19:00', '2019-05-07 16:24:00', '2019-05-07 06:29:00'),
(280, 28, 4, '2019-05-07 16:20:00', '2019-05-07 16:25:00', '2019-05-07 06:30:00'),
(281, 38, 4, '2019-05-07 16:21:00', '2019-05-07 16:26:00', '2019-05-07 06:31:00'),
(282, 39, 4, '2019-05-07 16:22:00', '2019-05-07 16:27:00', '2019-05-07 06:32:00'),
(283, 40, 4, '2019-05-07 16:23:00', '2019-05-07 16:28:00', '2019-05-07 06:33:00'),
(284, 32, 4, '2019-05-07 16:24:00', '2019-05-07 16:29:00', '2019-05-07 06:34:00'),
(285, 37, 4, '2019-05-07 16:25:00', '2019-05-07 16:30:00', '2019-05-07 06:35:00'),
(286, 41, 4, '2019-05-07 16:26:00', '2019-05-07 16:31:00', '2019-05-07 06:36:00'),
(287, 49, 4, '2019-05-07 16:27:00', '2019-05-07 16:32:00', '2019-05-07 06:37:00'),
(288, 42, 4, '2019-05-07 16:28:00', '2019-05-07 16:33:00', '2019-05-07 06:38:00'),
(289, 43, 4, '2019-05-07 16:29:00', '2019-05-07 16:34:00', '2019-05-07 06:39:00'),
(290, 44, 4, '2019-05-07 16:30:00', '2019-05-07 16:35:00', '2019-05-07 06:40:00'),
(291, 52, 4, '2019-05-07 16:31:00', '2019-05-07 16:36:00', '2019-05-07 06:41:00'),
(292, 45, 4, '2019-05-07 16:32:00', '2019-05-07 16:37:00', '2019-05-07 06:42:00'),
(293, 53, 4, '2019-05-07 16:33:00', '2019-05-07 16:38:00', '2019-05-07 06:43:00'),
(294, 47, 4, '2019-05-07 16:34:00', '2019-05-07 16:39:00', '2019-05-07 06:44:00'),
(295, 48, 4, '2019-05-07 16:35:00', '2019-05-07 16:40:00', '2019-05-07 06:45:00'),
(296, 51, 4, '2019-05-07 16:36:00', '2019-05-07 16:41:00', '2019-05-07 06:46:00'),
(297, 50, 4, '2019-05-07 16:37:00', '2019-05-07 16:42:00', '2019-05-07 06:47:00'),
(298, 54, 4, '2019-05-07 16:38:00', '2019-05-07 16:43:00', '2019-05-07 06:48:00'),
(299, 56, 4, '2019-05-07 16:39:00', '2019-05-07 16:44:00', '2019-05-07 06:49:00'),
(300, 22, 4, '2019-05-07 16:40:00', '2019-05-07 16:45:00', '2019-05-07 06:50:00'),
(301, 55, 4, '2019-05-07 16:41:00', '2019-05-07 16:46:00', '2019-05-07 06:51:00'),
(302, 46, 4, '2019-05-07 16:42:00', '2019-05-07 16:47:00', '2019-05-07 06:52:00'),
(303, 57, 4, '2019-05-07 16:43:00', '2019-05-07 16:48:00', '2019-05-07 06:53:00'),
(304, 58, 4, '2019-05-07 16:44:00', '2019-05-07 16:49:00', '2019-05-07 06:54:00'),
(305, 59, 4, '2019-05-07 16:46:00', '2019-05-07 16:51:00', '2019-05-07 06:56:00'),
(306, 60, 4, '2019-05-07 16:47:00', '2019-05-07 16:52:00', '2019-05-07 06:57:00'),
(307, 61, 4, '2019-05-07 16:48:00', '2019-05-07 16:53:00', '2019-05-07 06:58:00'),
(308, 62, 4, '2019-05-07 16:49:00', '2019-05-07 16:54:00', '2019-05-07 06:59:00'),
(309, 63, 4, '2019-05-07 16:50:00', '2019-05-07 16:55:00', '2019-05-07 07:00:00'),
(310, 64, 4, '2019-05-07 16:51:00', '2019-05-07 16:56:00', '2019-05-07 07:01:00'),
(311, 65, 4, '2019-05-07 16:52:00', '2019-05-07 16:57:00', '2019-05-07 07:02:00'),
(312, 66, 4, '2019-05-07 16:53:00', '2019-05-07 16:58:00', '2019-05-07 07:03:00'),
(313, 67, 4, '2019-05-07 16:54:00', '2019-05-07 16:59:00', '2019-05-07 07:04:00'),
(314, 68, 4, '2019-05-07 16:55:00', '2019-05-07 17:00:00', '2019-05-07 07:05:00'),
(315, 69, 4, '2019-05-07 16:56:00', '2019-05-07 17:01:00', '2019-05-07 07:06:00'),
(316, 70, 4, '2019-05-07 16:57:00', '2019-05-07 17:02:00', '2019-05-07 07:07:00'),
(317, 71, 4, '2019-05-07 16:58:00', '2019-05-07 17:03:00', '2019-05-07 07:08:00'),
(318, 74, 4, '2019-05-07 16:59:00', '2019-05-07 17:04:00', '2019-05-07 07:09:00'),
(319, 73, 4, '2019-05-07 17:00:00', '2019-05-07 17:05:00', '2019-05-07 07:10:00'),
(320, 75, 4, '2019-05-07 17:01:00', '2019-05-07 17:06:00', '2019-05-07 07:11:00'),
(321, 76, 4, '2019-05-07 17:02:00', '2019-05-07 17:07:00', '2019-05-07 07:12:00'),
(322, 77, 4, '2019-05-07 17:03:00', '2019-05-07 17:08:00', '2019-05-07 07:13:00'),
(323, 78, 4, '2019-05-07 17:04:00', '2019-05-07 17:09:00', '2019-05-07 07:14:00'),
(324, 72, 4, '2019-05-07 17:05:00', '2019-05-07 17:10:00', '2019-05-07 07:15:00'),
(325, 80, 4, '2019-05-07 17:06:00', '2019-05-07 17:11:00', '2019-05-07 07:16:00'),
(326, 79, 4, '2019-05-07 17:07:00', '2019-05-07 17:12:00', '2019-05-07 07:17:00'),
(327, 81, 4, '2019-05-07 17:08:00', '2019-05-07 17:13:00', '2019-05-07 07:18:00'),
(328, 82, 4, '2019-05-07 17:09:00', '2019-05-07 17:14:00', '2019-05-07 07:19:00'),
(329, 83, 4, '2019-05-07 17:10:00', '2019-05-07 17:15:00', '2019-05-07 07:20:00'),
(330, 84, 4, '2019-05-07 17:11:00', '2019-05-07 17:16:00', '2019-05-07 07:21:00'),
(331, 85, 4, '2019-05-07 17:12:00', '2019-05-07 17:17:00', '2019-05-07 07:22:00'),
(332, 86, 4, '2019-05-07 17:13:00', '2019-05-07 17:18:00', '2019-05-07 07:23:00');

-- --------------------------------------------------------

--
-- Struktura tabulky `user`
--

CREATE TABLE `user` (
  `id` int(11) NOT NULL,
  `zavod_id` int(11) DEFAULT NULL,
  `etapa_id` int(11) DEFAULT NULL,
  `email` varchar(255) COLLATE utf8_unicode_ci NOT NULL,
  `password` longtext COLLATE utf8_unicode_ci NOT NULL,
  `role` varchar(255) COLLATE utf8_unicode_ci NOT NULL
) ENGINE=InnoDB DEFAULT CHARSET=utf8 COLLATE=utf8_unicode_ci;

--
-- Vypisuji data pro tabulku `user`
--

INSERT INTO `user` (`id`, `zavod_id`, `etapa_id`, `email`, `password`, `role`) VALUES
(1, 1, 1, 'kolin@kolin.cz', '$2y$10$TDmZPY9N1GymtBWxgg93ceonD0g2VwWoiyYoX0WCTWj3sKUwL.fvq', 'kontrola'),
(2, NULL, NULL, 'admin@admin.net', '$2y$10$kcDuDYrV7X1i3ZFbICSvJuYWNYy3iv25UVOcXn/Ga5jHtsbstByii', 'admin'),
(4, 1, 2, 'polna@polna.cz', '$2y$10$ZtcToBMGGgmDbafOnLTh9ulSlLzOGMFg6TwA1bqLuUvOZ.229BR4q', 'kontrola');

-- --------------------------------------------------------

--
-- Struktura tabulky `zavod`
--

CREATE TABLE `zavod` (
  `id` int(11) NOT NULL,
  `balik_id` int(11) DEFAULT NULL,
  `name` varchar(150) COLLATE utf8_unicode_ci NOT NULL,
  `start` datetime NOT NULL,
  `externi` tinyint(1) NOT NULL
) ENGINE=InnoDB DEFAULT CHARSET=utf8 COLLATE=utf8_unicode_ci;

--
-- Vypisuji data pro tabulku `zavod`
--

INSERT INTO `zavod` (`id`, `balik_id`, `name`, `start`, `externi`) VALUES
(1, 1, 'etapa', '2019-05-07 17:58:00', 0);

-- --------------------------------------------------------

--
-- Struktura tabulky `zavodnik`
--

CREATE TABLE `zavodnik` (
  `id` int(11) NOT NULL,
  `zavod_id` int(11) DEFAULT NULL,
  `tym_id` int(11) DEFAULT NULL,
  `jmeno` varchar(255) COLLATE utf8_unicode_ci NOT NULL,
  `znacka` varchar(255) COLLATE utf8_unicode_ci NOT NULL,
  `status` varchar(255) COLLATE utf8_unicode_ci DEFAULT NULL,
  `cislo` int(11) NOT NULL,
  `objem` int(11) NOT NULL
) ENGINE=InnoDB DEFAULT CHARSET=utf8 COLLATE=utf8_unicode_ci;

--
-- Vypisuji data pro tabulku `zavodnik`
--

INSERT INTO `zavodnik` (`id`, `zavod_id`, `tym_id`, `jmeno`, `znacka`, `status`, `cislo`, `objem`) VALUES
(1, 1, NULL, 'Michal Petschke', 'AERO 500', NULL, 1, 499),
(2, 1, NULL, 'Bohumír Sedláček', 'AERO 500', NULL, 8, 500),
(3, 1, NULL, 'Radek Pilek', 'Jawa Minor', NULL, 3, 615),
(4, 1, NULL, 'Jiří Příhoda', 'JAWA Minor', NULL, 4, 615),
(5, 1, NULL, 'Ivan Nečesánek', 'JAWA Minor Limusina', NULL, 5, 615),
(6, 1, NULL, 'Jiří Růžička', 'JAWA Minor Roadster', NULL, 6, 615),
(7, 1, NULL, 'Jaroslav Antoni', 'JAWA Minor', NULL, 7, 615),
(8, 1, NULL, 'Zdeněk  Laciga', 'AERO 662', NULL, 9, 662),
(9, 1, NULL, 'Šárka Židlíková', 'DKW F5', NULL, 10, 700),
(10, 1, NULL, 'Tomáš Vališ', 'Aero Sport Coupé', NULL, 14, 750),
(11, 1, NULL, 'Robert Kubelka', 'Zbrojovka Z4 Roadster', NULL, 17, 980),
(12, 1, NULL, 'Martin Dlhopolček', 'WALTER Junior C. Sodomka', NULL, 15, 995),
(13, 1, NULL, 'Josef  Hůlka ', 'Praga Piccolo ', NULL, 16, 996),
(14, 1, NULL, 'Václav Dostálek', 'Praga Baby', NULL, 18, 996),
(15, 1, NULL, 'Pavel Ruffer', 'Praga Baby', NULL, 19, 998),
(16, 1, NULL, 'Petr Libánský', 'AERO 30 Roadster', NULL, 20, 998),
(17, 1, NULL, 'Karel Petschke', 'AERO 30 Sport', NULL, 21, 998),
(18, 1, NULL, 'Tomáš Barnet', 'AERO 30 Roadster', NULL, 22, 998),
(19, 1, NULL, 'Lenka  Hudcová', 'AERO 1000', NULL, 23, 998),
(20, 1, NULL, 'Michal Onrejčák', 'AERO 30 Roadster', NULL, 24, 998),
(21, 1, NULL, 'Karel Kupka', 'Senechal SS', NULL, 25, 1000),
(22, 1, NULL, 'Petr Dospěl', 'AERO 50', NULL, 60, 1037),
(23, 1, NULL, 'Veronika Krejsová', 'Škoda Popular Roadster', NULL, 26, 1100),
(24, 1, NULL, 'Tomas Kaspar', 'Škoda  Popular Roadster', NULL, 27, 1100),
(25, 1, NULL, 'Martin Chládek', 'Praga Piccolo ', NULL, 28, 1128),
(26, 1, NULL, 'Vladimír Haidler', 'Praga Piccolo ', NULL, 29, 1128),
(27, 1, NULL, 'Pavel Procházka', 'Praga Alfa', NULL, 30, 1220),
(28, 1, NULL, 'Otto Kuhn', 'TATRA 57 B', NULL, 31, 1250),
(29, 1, NULL, 'Markéta Kafková', 'MG TA', NULL, 32, 1250),
(30, 1, NULL, 'Bořivoj  Zábřeský', 'Tatra 57B Roadster', NULL, 33, 1256),
(31, 1, NULL, 'Marek Novotný ', 'WALTER Junior Roadster', NULL, 34, 1260),
(32, 1, NULL, 'Milan Dočekal', 'MG KN', NULL, 42, 1271),
(33, 1, NULL, 'Petr Kubík', 'MG TA', NULL, 35, 1292),
(34, 1, NULL, 'Vlastimil Mašek', 'MG TA', NULL, 36, 1292),
(35, 1, NULL, 'Michal Velebný', 'ŠKODA Rapid II', NULL, 37, 1386),
(36, 1, NULL, 'Petr Kožíšek', 'WIKOV 7/28', NULL, 38, 1477),
(37, 1, NULL, 'Stanislav Profeld', 'BUGATTI 37', NULL, 43, 1496),
(38, 1, NULL, 'Miroslav Tomík', 'Hanomag Rekord 1,5K', NULL, 39, 1500),
(39, 1, NULL, 'Jakub Stauch', 'BUGATTI 13 Brescia1921', NULL, 40, 1500),
(40, 1, NULL, 'Tomáš Pára', 'Škoda Rapid Cabrio', NULL, 41, 1500),
(41, 1, NULL, 'Milan Dočekal jr.', 'MG VA ', NULL, 46, 1549),
(42, 1, NULL, 'Otakar Chládek', 'Praga Lady', NULL, 48, 1600),
(43, 1, NULL, 'Miroslav Remeš', 'Tatra 75 Kabrio', NULL, 49, 1688),
(44, 1, NULL, 'Tomáš Roith', 'Tatra 75', NULL, 50, 1688),
(45, 1, NULL, 'Daniel Dick', 'SALMSON Coupe', NULL, 52, 1732),
(46, 1, NULL, 'Petr Sazima', 'PRAGA Alfa záv. speciál', NULL, 62, 1800),
(47, 1, NULL, 'Zdeněk Kubizňák', 'CITROEN 11B Limousine', NULL, 54, 1911),
(48, 1, NULL, 'Pavel Číž', 'BMW 328', NULL, 55, 1925),
(49, 1, NULL, 'Alois Švec', 'MG VA Special', NULL, 47, 1938),
(50, 1, NULL, 'Michal Kopecký', 'BMW 327', NULL, 57, 1938),
(51, 1, NULL, 'Radko Jung', 'Lagonda 2Ltr Supercharged', NULL, 56, 1954),
(52, 1, NULL, 'Lubomír Pešák', 'TATRA 75 Sport kar. Bohemia', NULL, 51, 1969),
(53, 1, NULL, 'Pavel Gregúrek', 'BMW 320', NULL, 53, 1971),
(54, 1, NULL, 'Arnošt Nezmeškal', 'AERO 50 Roadster', NULL, 58, 1997),
(55, 1, NULL, 'Jiří Čečkan', 'Aero 50 Roadster', NULL, 61, 1997),
(56, 1, NULL, 'Frantisek Budinsky', 'Aero 50 Roadster', NULL, 59, 1998),
(57, 1, NULL, 'Pavel Krotil', 'BMW 326', NULL, 63, 2000),
(58, 1, NULL, 'Jiří  Janošek', 'BMW 321', NULL, 64, 2000),
(59, 1, NULL, 'Peter Muller', 'JAGUAR SS 100', NULL, 66, 2500),
(60, 1, NULL, 'Zdeněk Houška', 'Jaguar SS100', NULL, 67, 2500),
(61, 1, NULL, 'Ladislav Kudlej', 'Mercedes Stuttgart 260', NULL, 68, 2581),
(62, 1, NULL, 'Filip  Sajler ', 'Tatra 87 ', NULL, 69, 2968),
(63, 1, NULL, 'Boris Bělousov', 'Tatra 87 ', NULL, 70, 2968),
(64, 1, NULL, 'Petr Korbelář', 'Tatra 87 ', NULL, 71, 2968),
(65, 1, NULL, 'František Bauer', 'Tatra 77', NULL, 72, 3000),
(66, 1, NULL, 'František Dvořák', 'SKODA Superb 3000 OHV', NULL, 73, 3137),
(67, 1, NULL, 'Jiří Flídr', 'Chevrolet Confederate DL', NULL, 74, 3200),
(68, 1, NULL, 'Karol  Pavlů ', 'Bugatti 57C', NULL, 75, 3257),
(69, 1, NULL, 'Miroslav Krejsa', 'Lagonda Three Litre', NULL, 76, 3300),
(70, 1, NULL, 'Petr Volf', 'Walter Super 6', NULL, 77, 3300),
(71, 1, NULL, 'Ladislav Novák', 'Bugatti 57', NULL, 78, 3302),
(72, 1, NULL, 'Karel Stierwald', 'Jaguar MK IV DHC', NULL, 85, 3485),
(73, 1, NULL, 'Karel Klein', 'Jaguar SS100', NULL, 80, 3500),
(74, 1, NULL, 'Martin Tůma', 'ALVIS Speed 20', NULL, 79, 3600),
(75, 1, NULL, 'Václav III. Kafka', 'FORD V8', NULL, 81, 3600),
(76, 1, NULL, 'Ján Horňák', 'FORD V8', NULL, 82, 3600),
(77, 1, NULL, 'Jiří Patočka', 'FORD V8', NULL, 83, 3600),
(78, 1, NULL, 'Tomáš Hušek', 'FORD V8', NULL, 84, 3622),
(79, 1, NULL, 'David Skalický', 'Rolls Royce 20/25', NULL, 87, 3669),
(80, 1, NULL, 'Jozef Makohus', 'HORCH 930V Kabriolet', NULL, 86, 3823),
(81, 1, NULL, 'Jaroslav Petran', 'Buick 56C Super ', NULL, 88, 4064),
(82, 1, NULL, 'Jan Taubel', 'Rolls-Royce', NULL, 89, 4257),
(83, 1, NULL, 'Bystrík Berthoty ', 'Lagonda V12 Short Saloon ', NULL, 90, 4480),
(84, 1, NULL, 'Tomáš Kalkus', 'Lagonda M45', NULL, 91, 4500),
(85, 1, NULL, 'Jan Čížek', 'Auburn 851 Phaeton', NULL, 92, 4575),
(86, 1, NULL, 'Petr Václavík', 'CORD 812', NULL, 93, 4712),
(87, 1, NULL, 'Martin Neubeller', 'MERCEDES BENZ 550 K', NULL, 94, 4982);

-- --------------------------------------------------------

--
-- Struktura tabulky `znackovy_tym`
--

CREATE TABLE `znackovy_tym` (
  `id` int(11) NOT NULL,
  `balik_id` int(11) DEFAULT NULL,
  `jmeno_tymu` varchar(255) COLLATE utf8_unicode_ci NOT NULL
) ENGINE=InnoDB DEFAULT CHARSET=utf8 COLLATE=utf8_unicode_ci;

--
-- Klíče pro exportované tabulky
--

--
-- Klíče pro tabulku `article`
--
ALTER TABLE `article`
  ADD PRIMARY KEY (`id`),
  ADD UNIQUE KEY `UNIQ_23A0E66989D9B62` (`slug`);

--
-- Klíče pro tabulku `article_category`
--
ALTER TABLE `article_category`
  ADD PRIMARY KEY (`article_id`,`category_id`),
  ADD KEY `IDX_53A4EDAA7294869C` (`article_id`),
  ADD KEY `IDX_53A4EDAA12469DE2` (`category_id`);

--
-- Klíče pro tabulku `balik_zavodu`
--
ALTER TABLE `balik_zavodu`
  ADD PRIMARY KEY (`id`);

--
-- Klíče pro tabulku `body`
--
ALTER TABLE `body`
  ADD PRIMARY KEY (`id`),
  ADD KEY `IDX_DBA80BB2C5EE35FA` (`etapa_id`),
  ADD KEY `IDX_DBA80BB29E2E6756` (`zavod_id`),
  ADD KEY `IDX_DBA80BB26F5FA35D` (`zavodnik_id`);

--
-- Klíče pro tabulku `cas`
--
ALTER TABLE `cas`
  ADD PRIMARY KEY (`id`),
  ADD KEY `IDX_3AD60BC5EE35FA` (`etapa_id`),
  ADD KEY `IDX_3AD60B6F5FA35D` (`zavodnik_id`),
  ADD KEY `IDX_3AD60B9E2E6756` (`zavod_id`);

--
-- Klíče pro tabulku `category`
--
ALTER TABLE `category`
  ADD PRIMARY KEY (`id`);

--
-- Klíče pro tabulku `coment`
--
ALTER TABLE `coment`
  ADD PRIMARY KEY (`id`),
  ADD KEY `IDX_F86E9D221B741A9` (`ref_id`);

--
-- Klíče pro tabulku `counter`
--
ALTER TABLE `counter`
  ADD PRIMARY KEY (`id`);

--
-- Klíče pro tabulku `demontaz_kola`
--
ALTER TABLE `demontaz_kola`
  ADD PRIMARY KEY (`id`),
  ADD KEY `IDX_17B2145A6F5FA35D` (`zavodnik_id`);

--
-- Klíče pro tabulku `etapa`
--
ALTER TABLE `etapa`
  ADD PRIMARY KEY (`id`),
  ADD KEY `IDX_2F32B1C49E2E6756` (`zavod_id`);

--
-- Klíče pro tabulku `historie`
--
ALTER TABLE `historie`
  ADD PRIMARY KEY (`id`),
  ADD KEY `IDX_44314A6321B741A9` (`ref_id`);

--
-- Klíče pro tabulku `jizda_pravidelnosti`
--
ALTER TABLE `jizda_pravidelnosti`
  ADD PRIMARY KEY (`id`),
  ADD KEY `IDX_9477DEBB6F5FA35D` (`zavodnik_id`);

--
-- Klíče pro tabulku `obrazek`
--
ALTER TABLE `obrazek`
  ADD PRIMARY KEY (`id`),
  ADD KEY `IDX_3EAAA45E21B741A9` (`ref_id`);

--
-- Klíče pro tabulku `pezinska_baba`
--
ALTER TABLE `pezinska_baba`
  ADD PRIMARY KEY (`id`),
  ADD KEY `IDX_C76E92186F5FA35D` (`zavodnik_id`);

--
-- Klíče pro tabulku `projel`
--
ALTER TABLE `projel`
  ADD PRIMARY KEY (`id`),
  ADD KEY `IDX_437904FF6F5FA35D` (`zavodnik_id`),
  ADD KEY `IDX_437904FFC5EE35FA` (`etapa_id`);

--
-- Klíče pro tabulku `stanoveny_cas_kontroly`
--
ALTER TABLE `stanoveny_cas_kontroly`
  ADD PRIMARY KEY (`id`),
  ADD KEY `IDX_738F8EAE6F5FA35D` (`zavodnik_id`),
  ADD KEY `IDX_738F8EAEC5EE35FA` (`etapa_id`);

--
-- Klíče pro tabulku `user`
--
ALTER TABLE `user`
  ADD PRIMARY KEY (`id`),
  ADD UNIQUE KEY `UNIQ_8D93D649C5EE35FA` (`etapa_id`);

--
-- Klíče pro tabulku `zavod`
--
ALTER TABLE `zavod`
  ADD PRIMARY KEY (`id`),
  ADD KEY `IDX_E1C59DE441E89C3` (`balik_id`);

--
-- Klíče pro tabulku `zavodnik`
--
ALTER TABLE `zavodnik`
  ADD PRIMARY KEY (`id`),
  ADD KEY `IDX_2B38F5609E2E6756` (`zavod_id`),
  ADD KEY `IDX_2B38F56085FF5F36` (`tym_id`);

--
-- Klíče pro tabulku `znackovy_tym`
--
ALTER TABLE `znackovy_tym`
  ADD PRIMARY KEY (`id`),
  ADD KEY `IDX_386F2C4A441E89C3` (`balik_id`);

--
-- AUTO_INCREMENT pro tabulky
--

--
-- AUTO_INCREMENT pro tabulku `article`
--
ALTER TABLE `article`
  MODIFY `id` int(11) NOT NULL AUTO_INCREMENT;

--
-- AUTO_INCREMENT pro tabulku `balik_zavodu`
--
ALTER TABLE `balik_zavodu`
  MODIFY `id` int(11) NOT NULL AUTO_INCREMENT, AUTO_INCREMENT=2;

--
-- AUTO_INCREMENT pro tabulku `body`
--
ALTER TABLE `body`
  MODIFY `id` int(11) NOT NULL AUTO_INCREMENT, AUTO_INCREMENT=346;

--
-- AUTO_INCREMENT pro tabulku `cas`
--
ALTER TABLE `cas`
  MODIFY `id` int(11) NOT NULL AUTO_INCREMENT, AUTO_INCREMENT=90;

--
-- AUTO_INCREMENT pro tabulku `category`
--
ALTER TABLE `category`
  MODIFY `id` int(11) NOT NULL AUTO_INCREMENT;

--
-- AUTO_INCREMENT pro tabulku `coment`
--
ALTER TABLE `coment`
  MODIFY `id` int(11) NOT NULL AUTO_INCREMENT;

--
-- AUTO_INCREMENT pro tabulku `counter`
--
ALTER TABLE `counter`
  MODIFY `id` int(11) NOT NULL AUTO_INCREMENT;

--
-- AUTO_INCREMENT pro tabulku `demontaz_kola`
--
ALTER TABLE `demontaz_kola`
  MODIFY `id` int(11) NOT NULL AUTO_INCREMENT, AUTO_INCREMENT=2;

--
-- AUTO_INCREMENT pro tabulku `etapa`
--
ALTER TABLE `etapa`
  MODIFY `id` int(11) NOT NULL AUTO_INCREMENT, AUTO_INCREMENT=8;

--
-- AUTO_INCREMENT pro tabulku `historie`
--
ALTER TABLE `historie`
  MODIFY `id` int(11) NOT NULL AUTO_INCREMENT;

--
-- AUTO_INCREMENT pro tabulku `jizda_pravidelnosti`
--
ALTER TABLE `jizda_pravidelnosti`
  MODIFY `id` int(11) NOT NULL AUTO_INCREMENT;

--
-- AUTO_INCREMENT pro tabulku `obrazek`
--
ALTER TABLE `obrazek`
  MODIFY `id` int(11) NOT NULL AUTO_INCREMENT;

--
-- AUTO_INCREMENT pro tabulku `pezinska_baba`
--
ALTER TABLE `pezinska_baba`
  MODIFY `id` int(11) NOT NULL AUTO_INCREMENT;

--
-- AUTO_INCREMENT pro tabulku `projel`
--
ALTER TABLE `projel`
  MODIFY `id` int(11) NOT NULL AUTO_INCREMENT, AUTO_INCREMENT=7;

--
-- AUTO_INCREMENT pro tabulku `stanoveny_cas_kontroly`
--
ALTER TABLE `stanoveny_cas_kontroly`
  MODIFY `id` int(11) NOT NULL AUTO_INCREMENT, AUTO_INCREMENT=333;

--
-- AUTO_INCREMENT pro tabulku `user`
--
ALTER TABLE `user`
  MODIFY `id` int(11) NOT NULL AUTO_INCREMENT, AUTO_INCREMENT=5;

--
-- AUTO_INCREMENT pro tabulku `zavod`
--
ALTER TABLE `zavod`
  MODIFY `id` int(11) NOT NULL AUTO_INCREMENT, AUTO_INCREMENT=2;

--
-- AUTO_INCREMENT pro tabulku `zavodnik`
--
ALTER TABLE `zavodnik`
  MODIFY `id` int(11) NOT NULL AUTO_INCREMENT, AUTO_INCREMENT=88;

--
-- AUTO_INCREMENT pro tabulku `znackovy_tym`
--
ALTER TABLE `znackovy_tym`
  MODIFY `id` int(11) NOT NULL AUTO_INCREMENT;

--
-- Omezení pro exportované tabulky
--

--
-- Omezení pro tabulku `article_category`
--
ALTER TABLE `article_category`
  ADD CONSTRAINT `FK_53A4EDAA12469DE2` FOREIGN KEY (`category_id`) REFERENCES `category` (`id`) ON DELETE CASCADE,
  ADD CONSTRAINT `FK_53A4EDAA7294869C` FOREIGN KEY (`article_id`) REFERENCES `article` (`id`) ON DELETE CASCADE;

--
-- Omezení pro tabulku `body`
--
ALTER TABLE `body`
  ADD CONSTRAINT `FK_DBA80BB26F5FA35D` FOREIGN KEY (`zavodnik_id`) REFERENCES `zavodnik` (`id`),
  ADD CONSTRAINT `FK_DBA80BB29E2E6756` FOREIGN KEY (`zavod_id`) REFERENCES `zavod` (`id`),
  ADD CONSTRAINT `FK_DBA80BB2C5EE35FA` FOREIGN KEY (`etapa_id`) REFERENCES `etapa` (`id`) ON DELETE SET NULL;

--
-- Omezení pro tabulku `cas`
--
ALTER TABLE `cas`
  ADD CONSTRAINT `FK_3AD60B6F5FA35D` FOREIGN KEY (`zavodnik_id`) REFERENCES `zavodnik` (`id`),
  ADD CONSTRAINT `FK_3AD60B9E2E6756` FOREIGN KEY (`zavod_id`) REFERENCES `zavod` (`id`),
  ADD CONSTRAINT `FK_3AD60BC5EE35FA` FOREIGN KEY (`etapa_id`) REFERENCES `etapa` (`id`);

--
-- Omezení pro tabulku `coment`
--
ALTER TABLE `coment`
  ADD CONSTRAINT `FK_F86E9D221B741A9` FOREIGN KEY (`ref_id`) REFERENCES `article` (`id`);

--
-- Omezení pro tabulku `demontaz_kola`
--
ALTER TABLE `demontaz_kola`
  ADD CONSTRAINT `FK_17B2145A6F5FA35D` FOREIGN KEY (`zavodnik_id`) REFERENCES `zavodnik` (`id`);

--
-- Omezení pro tabulku `etapa`
--
ALTER TABLE `etapa`
  ADD CONSTRAINT `FK_2F32B1C49E2E6756` FOREIGN KEY (`zavod_id`) REFERENCES `zavod` (`id`);

--
-- Omezení pro tabulku `historie`
--
ALTER TABLE `historie`
  ADD CONSTRAINT `FK_44314A6321B741A9` FOREIGN KEY (`ref_id`) REFERENCES `etapa` (`id`);

--
-- Omezení pro tabulku `jizda_pravidelnosti`
--
ALTER TABLE `jizda_pravidelnosti`
  ADD CONSTRAINT `FK_9477DEBB6F5FA35D` FOREIGN KEY (`zavodnik_id`) REFERENCES `zavodnik` (`id`);

--
-- Omezení pro tabulku `obrazek`
--
ALTER TABLE `obrazek`
  ADD CONSTRAINT `FK_3EAAA45E21B741A9` FOREIGN KEY (`ref_id`) REFERENCES `article` (`id`);

--
-- Omezení pro tabulku `pezinska_baba`
--
ALTER TABLE `pezinska_baba`
  ADD CONSTRAINT `FK_C76E92186F5FA35D` FOREIGN KEY (`zavodnik_id`) REFERENCES `zavodnik` (`id`);

--
-- Omezení pro tabulku `projel`
--
ALTER TABLE `projel`
  ADD CONSTRAINT `FK_437904FF6F5FA35D` FOREIGN KEY (`zavodnik_id`) REFERENCES `zavodnik` (`id`),
  ADD CONSTRAINT `FK_437904FFC5EE35FA` FOREIGN KEY (`etapa_id`) REFERENCES `etapa` (`id`);

--
-- Omezení pro tabulku `stanoveny_cas_kontroly`
--
ALTER TABLE `stanoveny_cas_kontroly`
  ADD CONSTRAINT `FK_738F8EAE6F5FA35D` FOREIGN KEY (`zavodnik_id`) REFERENCES `zavodnik` (`id`),
  ADD CONSTRAINT `FK_738F8EAEC5EE35FA` FOREIGN KEY (`etapa_id`) REFERENCES `etapa` (`id`);

--
-- Omezení pro tabulku `user`
--
ALTER TABLE `user`
  ADD CONSTRAINT `FK_8D93D6499E2E6756` FOREIGN KEY (`zavod_id`) REFERENCES `zavod` (`id`),
  ADD CONSTRAINT `FK_8D93D649C5EE35FA` FOREIGN KEY (`etapa_id`) REFERENCES `etapa` (`id`);

--
-- Omezení pro tabulku `zavod`
--
ALTER TABLE `zavod`
  ADD CONSTRAINT `FK_E1C59DE441E89C3` FOREIGN KEY (`balik_id`) REFERENCES `balik_zavodu` (`id`);

--
-- Omezení pro tabulku `zavodnik`
--
ALTER TABLE `zavodnik`
  ADD CONSTRAINT `FK_2B38F56085FF5F36` FOREIGN KEY (`tym_id`) REFERENCES `znackovy_tym` (`id`),
  ADD CONSTRAINT `FK_2B38F5609E2E6756` FOREIGN KEY (`zavod_id`) REFERENCES `balik_zavodu` (`id`);

--
-- Omezení pro tabulku `znackovy_tym`
--
ALTER TABLE `znackovy_tym`
  ADD CONSTRAINT `FK_386F2C4A441E89C3` FOREIGN KEY (`balik_id`) REFERENCES `balik_zavodu` (`id`);
COMMIT;

/*!40101 SET CHARACTER_SET_CLIENT=@OLD_CHARACTER_SET_CLIENT */;
/*!40101 SET CHARACTER_SET_RESULTS=@OLD_CHARACTER_SET_RESULTS */;
/*!40101 SET COLLATION_CONNECTION=@OLD_COLLATION_CONNECTION */;
